Workbook

Sheet BH
A1: Claim Status | B1: Notes | C1: Processed Date | D1: Primary Claim ID | E1: Chart Number | F1: Date of Service | G1: Responsible Payer | H1: Primary Payer Name | I1: Secondary Payer Name | J1: Procedure Code | K1: Latest Date Worked | L1: Days Until Deadline | M1: Days Until Corrected Claim Deadline | N1: Days Until Appeal Deadline | O1: Filing Deadline | P1: Filing Limit | Q1: Limit Carrier | R1: Corrected Claim Limit | S1: Corrected Claim From | T1: Appeal Limit | U1: Appeal From | V1: Modifier 1 | W1: Modifier 2 | X1: Modifier 3 | Y1: Units | Z1: Charge Amount | AA1: Adjustment | AB1: Insurance Payment | AC1: Insurance Check Date | AD1: Insurance Balance | AE1: AR Age by Service Date | AF1: Diagnosis Code 1 | AG1: Diagnosis Code 2 | AH1: Diagnosis Code 3 | AI1: Diagnosis Code 4 | AJ1: Secondary Claim ID | AK1: Rendering Provider | AL1: Location Name | AM1: Created Date | AN1: Specialty
A2: Finalized | C2: 46119 | D2: 549765437 | E2: HF359780591 | F2: 46065 | G2: TRIADA GAP BENEFITS | H2: Blue Cross Blue Shield of Arizona (BCBS AZ) | I2: TRIADA GAP BENEFITS | J2: 99493 x1; 99494 x1 | L2: =IF($O2="","",$O2-TODAY()) -> -145 | M2: =IF($F2="","",$F2+90-TODAY()) -> -145 | N2: =IF($C2="","",$C2+365-TODAY()) -> 184 | O2: 46155 | P2: 90 days | Q2: BCBS | R2: 90 days | S2: Date of service | T2: 365 days | U2: Processed date | Y2: 1 | Z2: 1372.91 | AA2: 1179.89 | AB2: 0 | AC2: 46119 | AD2: 193.02 | AE2: 177 | AF2: F411 | AJ2: 558453526 | AK2: LEATHEM, JARRETT | AL2: ASAP - DEER VALLEY | AM2: 46086 | AN2: BH
A3: Denied | B3: Rep Briana - Jarrett Leathem is not contracted with member's Focus Network - Reference number 11216220 | C3: 46098 | D3: 548676737 | E3: HF499806568 | F3: 46056 | G3: Blue Cross Blue Shield of Arizona (BCBS AZ) | H3: Blue Cross Blue Shield of Arizona (BCBS AZ) | I3: No Payer | J3: 99494 x1; 99493 x1 | K3: 46183 | L3: =IF($O3="","",$O3-TODAY()) -> -154 | M3: =IF($F3="","",$F3+90-TODAY()) -> -154 | N3: =IF($C3="","",$C3+365-TODAY()) -> 163 | O3: 46146 | P3: 90 days | Q3: BCBS | R3: 90 days | S3: Date of service | T3: 365 days | U3: Processed date | Y3: 1 | Z3: 1372.91 | AA3: 0 | AB3: 0 | AC3: 46098 | AD3: 1372.91 | AE3: 186 | AF3: F4320 | AK3: LEATHEM, JARRETT | AL3: ASAP - Goodyear | AM3: 46086 | AN3: BH
A4: Denied | B4: DND - Non contracted provider | C4: 46148 | D4: 548979329 | E4: HF527306886 | F4: 46062 | G4: Blue Cross Blue Shield of Arizona (BCBS AZ) | H4: Blue Cross Blue Shield of Arizona (BCBS AZ) | I4: No Payer | J4: 99493 x1; 99494 x1 | K4: 46183 | L4: =IF($O4="","",$O4-TODAY()) -> -148 | M4: =IF($F4="","",$F4+90-TODAY()) -> -148 | N4: =IF($C4="","",$C4+365-TODAY()) -> 213 | O4: 46152 | P4: 90 days | Q4: BCBS | R4: 90 days | S4: Date of service | T4: 365 days | U4: Processed date | Y4: 1 | Z4: 1372.91 | AA4: 0 | AB4: 0 | AC4: 46148 | AD4: 1372.91 | AE4: 180 | AF4: F4320 | AK4: KALLGREN, MARK | AL4: ASAP Peoria | AM4: 46090 | AN4: BH
A5: Denied | B5: Added Date of Current Illness, claim note, and resubmitted | C5: 46147 | D5: 557794433 | E5: HF434792716 | F5: 46066 | G5: Optum Care Medical Network of Arizona, Utah, & Washington (LifePrint) | H5: Optum Care Medical Network of Arizona, Utah, & Washington (LifePrint) | I5: No Payer | J5: 99493 x1 | K5: 46142 | L5: =IF($O5="","",$O5-TODAY()) -> -144 | M5: =IF($C5="","",$C5+365-TODAY()) -> 212 | N5: =IF($C5="","",$C5+365-TODAY()) -> 212 | O5: 46156 | P5: 90 days | Q5: OPTUM | R5: 365 days | S5: Processed date | T5: 365 days | U5: Processed date | Y5: 1 | Z5: 976.64 | AA5: 0 | AB5: 0 | AC5: 46147 | AD5: 976.64 | AE5: 176 | AF5: F1190 | AK5: LEATHEM, JARRETT | AL5: ASAP - Gilbert | AM5: 46086 | AN5: BH
A6: Denied | B6: Awaiting resolution on claim #556349314 (DOS 01/27/2026) before reprocessing DND 99493 This non-payable code is for required reporting only - Added Date of Current Illness, claim note, and resubmitted | C6: 46147 | D6: 557794882 | E6: HF431164004 | F6: 46070 | G6: Optum Care Medical Network of Arizona, Utah, & Washington (LifePrint) | H6: Optum Care Medical Network of Arizona, Utah, & Washington (LifePrint) | I6: No Payer | J6: 99493 x1 | K6: 46284 | L6: =IF($O6="","",$O6-TODAY()) -> -140 | M6: =IF($C6="","",$C6+365-TODAY()) -> 212 | N6: =IF($C6="","",$C6+365-TODAY()) -> 212 | O6: 46160 | P6: 90 days | Q6: OPTUM | R6: 365 days | S6: Processed date | T6: 365 days | U6: Processed date | Y6: 1 | Z6: 976.64 | AA6: 0 | AB6: 0 | AC6: 46147 | AD6: 976.64 | AE6: 172 | AF6: F331 | AG6: F411 | AK6: O'NEIL, ROY | AL6: ASAP - Goodyear | AM6: 46086 | AN6: BH
A7: Denied | B7: Rep Muthamma - Under review - Ref # 11253575 | C7: 46101 | D7: 550288006 | E7: HF331718997 | F7: 46071 | G7: Blue Cross Blue Shield of Arizona (BCBS AZ) | H7: Blue Cross Blue Shield of Arizona (BCBS AZ) | I7: No Payer | J7: 99494 x2; 99492 x1 | K7: 46183 | L7: =IF($O7="","",$O7-TODAY()) -> -139 | M7: =IF($F7="","",$F7+90-TODAY()) -> -139 | N7: =IF($C7="","",$C7+365-TODAY()) -> 166 | O7: 46161 | P7: 90 days | Q7: BCBS | R7: 90 days | S7: Date of service | T7: 365 days | U7: Processed date | Y7: 2, 1 | Z7: 1822.52 | AA7: 0 | AB7: 0 | AC7: 46101 | AD7: 1822.52 | AE7: 171 | AF7: F4323 | AK7: SARKAR, AWNIK | AL7: ASAP - DEER VALLEY | AM7: 46086 | AN7: BH
A8: Denied | B8: Edited service line 1 - Used cpt 99492, and resubmitted - The reconsideration option is unavailable on portal because the claim has already been adjusted - 99493 paid on claim 26A074466600, DOS 12/12/2025, under prior member ID 1718676 - current claim was billed with member ID 906162197 currently active - DND Subsequent psychiatric CoCM code 99493 is reported on 02/20/2026 and there is no line within the previous 6 months history with psychiatric CoCM codes 99492 or 99493 - Added Date of Current Illness, claim note, and resubmitted | C8: 46147 | D8: 557793858 | E8: HF443112560 | F8: 46073 | G8: Optum Care Medical Network of Arizona, Utah, & Washington (LifePrint) | H8: Optum Care Medical Network of Arizona, Utah, & Washington (LifePrint) | I8: No Payer | J8: 99493 x1 | K8: 46266 | L8: =IF($O8="","",$O8-TODAY()) -> -137 | M8: =IF($C8="","",$C8+365-TODAY()) -> 212 | N8: =IF($C8="","",$C8+365-TODAY()) -> 212 | O8: 46163 | P8: 90 days | Q8: OPTUM | R8: 365 days | S8: Processed date | T8: 365 days | U8: Processed date | Y8: 1 | Z8: 976.64 | AA8: 0 | AB8: 0 | AC8: 46147 | AD8: 976.64 | AE8: 169 | AF8: F1190 | AK8: LEATHEM, JARRETT | AL8: ASAP - Gilbert | AM8: 46086 | AN8: BH
A9: Denied | B9: Changed primary code - Used 99492, and resubmitted | C9: 46147 | D9: 557794229 | E9: HF460603685 | F9: 46073 | G9: Optum Care Medical Network of Arizona, Utah, & Washington (LifePrint) | H9: Optum Care Medical Network of Arizona, Utah, & Washington (LifePrint) | I9: No Payer | J9: 99493 x1 | K9: 46247 | L9: =IF($O9="","",$O9-TODAY()) -> -137 | M9: =IF($C9="","",$C9+365-TODAY()) -> 212 | N9: =IF($C9="","",$C9+365-TODAY()) -> 212 | O9: 46163 | P9: 90 days | Q9: OPTUM | R9: 365 days | S9: Processed date | T9: 365 days | U9: Processed date | Y9: 1 | Z9: 976.64 | AA9: 0 | AB9: 0 | AC9: 46147 | AD9: 976.64 | AE9: 169 | AF9: F1190 | AK9: KALLGREN, MARK | AL9: ASAP - Gilbert | AM9: 46086 | AN9: BH

Sheet DME
A1: Claim Status | B1: Notes | C1: Processed Date | D1: Primary Claim ID | E1: Chart Number | F1: Date of Service | G1: Responsible Payer | H1: Primary Payer Name | I1: Secondary Payer Name | J1: Procedure Code | K1: Latest Date Worked | L1: Days Until Deadline | M1: Days Until Corrected Claim Deadline | N1: Days Until Appeal Deadline | O1: Filing Deadline | P1: Filing Limit | Q1: Limit Carrier | R1: Corrected Claim Limit | S1: Corrected Claim From | T1: Appeal Limit | U1: Appeal From | V1: Modifier 1 | W1: Modifier 2 | X1: Modifier 3 | Y1: Units | Z1: Charge Amount | AA1: Adjustment | AB1: Insurance Payment | AC1: Insurance Check Date | AD1: Insurance Balance | AE1: AR Age by Service Date | AF1: Diagnosis Code 1 | AG1: Diagnosis Code 2 | AH1: Diagnosis Code 3 | AI1: Diagnosis Code 4 | AJ1: Secondary Claim ID | AK1: Rendering Provider | AL1: Location Name | AM1: Created Date | AN1: Specialty
A2: Denied | B2: Gilbert - jurisdiction issue | C2: 46147 | D2: 557715576 | E2: HF498304433 | F2: 46076 | G2: DME Region C | H2: DME Region C | I2: Blue Cross Blue Shield of Arizona (BCBS AZ) | J2: A6023+A2 x40 | L2: =IF($O2="","",$O2-TODAY()) -> 141 | M2: =IF($C2="","",$C2+365-TODAY()) -> 212 | N2: =IF($C2="","",$C2+120-TODAY()) -> -33 | O2: 46441 | P2: 365 days | Q2: MEDICARE | R2: 365 days | S2: Processed date | T2: 120 days | U2: Processed date | V2: A2 | Y2: 40 | Z2: 72707.6 | AA2: 0 | AB2: 0 | AC2: 46147 | AD2: 72707.6 | AE2: 166 | AF2: G894 | AG2: M961 | AK2: Advanced Spine and Pain LLC DME GIL | AL2: Advanced Spine and Pain LLC DME - Gilbert | AM2: 46085 | AN2: DME
A3: Pending | B3: secondary - waiting for posting to crossover to secondary - primary paid | C3: 46105 | D3: 553137846 | E3: HF540630932 | F3: 46063 | G3: Tricare for Life (All Regions) | H3: DME Region D | I3: Tricare for Life (All Regions) | J3: A6010+A1 x20 | K3: 46300 | L3: =IF($O3="","",$O3-TODAY()) -> 128 | M3: =IF($C3="","",$C3+365-TODAY()) -> 170 | N3: =IF($C3="","",$C3+120-TODAY()) -> -75 | O3: 46428 | P3: 365 days | Q3: MEDICARE | R3: 365 days | S3: Processed date | T3: 120 days | U3: Processed date | V3: A1 | Y3: 20 | Z3: 5916.4 | AA3: 5047.72 | AB3: 692.12 | AC3: 46105 | AD3: 176.56 | AE3: 179 | AF3: G894 | AJ3: 564731184 | AK3: Advanced Spine and Pain LLC DME PEO | AL3: Advanced Spine and Pain LLC DME - Peoria | AM3: 46099 | AN3: DME
A4: Pending | B4: secondary - we need to crossover to secondary - primary paid | C4: 46133 | D4: 550531610 | E4: HF497918792 | F4: 46066 | G4: Tricare for Life (All Regions) | H4: DME Region D | I4: Tricare for Life (All Regions) | J4: A6023+A2 x40 | K4: 46300 | L4: =IF($O4="","",$O4-TODAY()) -> 131 | M4: =IF($C4="","",$C4+365-TODAY()) -> 198 | N4: =IF($C4="","",$C4+120-TODAY()) -> -47 | O4: 46431 | P4: 365 days | Q4: MEDICARE | R4: 365 days | S4: Processed date | T4: 120 days | U4: Processed date | V4: A2 | Y4: 40 | Z4: 72707.6 | AA4: 62032.38 | AB4: 8505.46 | AC4: 46133 | AD4: 2169.76 | AE4: 176 | AF4: G894 | AG4: M5417 | AH4: M961 | AJ4: 563428910 | AK4: Advanced Spine and Pain LLC DME PEO | AL4: Advanced Spine and Pain LLC DME - Peoria | AM4: 46077 | AN4: DME
A5: Under Review | B5: Auth issue - Denied payment again - Bri resubmitted - Provider TAX ID/NPI Combination is not on file with BCBS AZ. | C5: 46227 | D5: 565140993 | E5: HF513477727 | F5: 46069 | G5: Blue Cross Blue Shield of Arizona (BCBS AZ) | H5: Blue Cross Blue Shield of Arizona (BCBS AZ) | I5: No Payer | J5: L0648+KX x1 | K5: 46196 | L5: =IF($O5="","",$O5-TODAY()) -> -141 | M5: =IF($F5="","",$F5+90-TODAY()) -> -141 | N5: =IF($C5="","",$C5+365-TODAY()) -> 292 | O5: 46159 | P5: 90 days | Q5: BCBS | R5: 90 days | S5: Date of service | T5: 365 days | U5: Processed date | V5: KX | Y5: 1 | Z5: 5492.55 | AA5: 0 | AB5: 0 | AD5: 5492.55 | AE5: 173 | AF5: M4316 | AG5: M51362 | AK5: MAYURAN, VIKRAM | AL5: ASAP - Mesa | AM5: 46080 | AN5: DME
A6: Denied | B6: No authorization found or requested - Checking if we need auth on Curo portal # 19801266 - Pending - Review | C6: 46106 | D6: 550530483 | E6: HF544828362 | F6: 46072 | G6: UHC Group Medicare Advantage | H6: UHC Group Medicare Advantage | I6: No Payer | J6: A6010+A1 x20 | K6: 46197 | L6: =IF($O6="","",$O6-TODAY()) -> -138 | M6: =IF($C6="","",$C6+180-TODAY()) -> -14 | N6: =IF($C6="","",$C6+365-TODAY()) -> 171 | O6: 46162 | P6: 90 days | Q6: UHC MA | R6: 180 days | S6: Processed date | T6: 365 days | U6: Processed date | V6: A1 | Y6: 20 | Z6: 5916.4 | AA6: 0 | AB6: 0 | AC6: 46106 | AD6: 5916.4 | AE6: 170 | AF6: G894 | AG6: L97529 | AK6: MEARS, CHAD | AL6: ASAP Peoria | AM6: 46077 | AN6: DME
A7: Denied | B7: Denied again - Edited charges per unit to 271.22 based on cms fee schedule 2026 | C7: 46149 | D7: 556897081 | E7: HF539993491 | F7: 46062 | G7: Alignment Health Care | H7: Alignment Health Care | I7: No Payer | J7: A6023+A2 x20 | K7: 46134 | L7: =IF($O7="","",$O7-TODAY()) | Q7: Not on reference list | V7: A2 | Y7: 20 | Z7: 5424.4 | AA7: 0 | AB7: 0 | AC7: 46149 | AD7: 5424.4 | AE7: 180 | AF7: G894 | AK7: TONDINI, JENISE | AL7: ASAP - Goodyear | AM7: 46063 | AN7: DME
A8: Denied | B8: Rep Keran - Escalate claim - Call ref # REQ0679770 - TAT 30 days | C8: 46112 | D8: 553079628 | E8: HF548333203 | F8: 46064 | G8: Alignment Health Care | H8: Alignment Health Care | I8: No Payer | J8: A6023+A1 x10 | K8: 46244 | L8: =IF($O8="","",$O8-TODAY()) | Q8: Not on reference list | V8: A1 | Y8: 10 | Z8: 18176.9 | AA8: 0 | AB8: 0 | AC8: 46112 | AD8: 18176.9 | AE8: 178 | AF8: G894 | AG8: M4326 | AK8: MCMURDIE, TODD | AL8: ASAP - Surprise - Reems | AM8: 46099 | AN8: DME
A9: Finalized | B9: Adjusted balance - DND Bundling with Home Health (NPI 1154898542) claim - Inpatient from 02/06/2026 till 03/07/2026 | C9: 46133 | D9: 553677900 | E9: HF537353546 | F9: 46063 | G9: DME Region D | H9: DME Region D | I9: Blue Cross Blue Shield of Arizona (BCBS AZ) | J9: A6010+A2 x20 | K9: 46300 | L9: =IF($O9="","",$O9-TODAY()) -> 128 | M9: =IF($C9="","",$C9+365-TODAY()) -> 198 | N9: =IF($C9="","",$C9+120-TODAY()) -> -47 | O9: 46428 | P9: 365 days | Q9: MEDICARE | R9: 365 days | S9: Processed date | T9: 120 days | U9: Processed date | V9: A2 | Y9: 20 | Z9: 5916.4 | AA9: 0 | AB9: 0 | AC9: 46133 | AD9: 5916.4 | AE9: 179 | AF9: G894 | AK9: Advanced Spine and Pain LLC DME PEO | AL9: Advanced Spine and Pain LLC DME - Peoria | AM9: 46105 | AN9: DME
A10: Finalized | B10: PAID - Surprise Reems - Pending check secondary - Waiting on PTAN issue to be solved - Payment on hold | C10: 46121 | D10: 553095408 | E10: HF435406148 | F10: 46069 | G10: SILAC INSURANCE | H10: DME Region D | I10: SILAC INSURANCE | J10: A6023+A2 x10 | K10: 46246 | L10: =IF($O10="","",$O10-TODAY()) -> 134 | M10: =IF($C10="","",$C10+365-TODAY()) -> 186 | N10: =IF($C10="","",$C10+120-TODAY()) -> -59 | O10: 46434 | P10: 365 days | Q10: MEDICARE | R10: 365 days | S10: Processed date | T10: 120 days | U10: Processed date | V10: A2 | Y10: 10 | Z10: 18176.9 | AA10: 15508.1 | AB10: 542.44 | AC10: 46121 | AD10: 2126.36 | AE10: 173 | AF10: G894 | AG10: M961 | AJ10: 557144068 | AK10: Advanced Spine and Pain LLC DME SUR | AL10: Advanced Spine and Pain LLC DME - Surprise Reems | AM10: 46099 | AN10: DME
A11: Finalized | B11: Shifted to PT - ABN signed - L0637 dispensed on 01/16/2023 supplier ARIZONA SPINE AND PAIN SPECIALISTS LLC - DND L0650 - Remark M3 Equipment is the same or similar to equipment already being used. | C11: 46101 | D11: 550127169 | E11: HF433355246 | F11: 46071 | G11: DME Region D | H11: DME Region D | I11: Mercy Care RBHA | J11: L0650+KX x1 | K11: 46300 | L11: =IF($O11="","",$O11-TODAY()) -> 136 | M11: =IF($C11="","",$C11+365-TODAY()) -> 166 | N11: =IF($C11="","",$C11+120-TODAY()) -> -79 | O11: 46436 | P11: 365 days | Q11: MEDICARE | R11: 365 days | S11: Processed date | T11: 120 days | U11: Processed date | V11: KX | Y11: 1 | Z11: 6392.96 | AA11: 0 | AB11: 0 | AC11: 46101 | AD11: 6392.96 | AE11: 171 | AF11: M4306 | AK11: Advanced Spine and Pain LLC DME GWY | AL11: Advanced Spine and Pain LLC DME - Greenway | AM11: 46093 | AN11: DME

Sheet GAE
A1: Claim Status | B1: Notes | C1: Processed Date | D1: Primary Claim ID | E1: Chart Number | F1: Date of Service | G1: Responsible Payer | H1: Primary Payer Name | I1: Secondary Payer Name | J1: Procedure Code | K1: Latest Date Worked | L1: Days Until Deadline | M1: Days Until Corrected Claim Deadline | N1: Days Until Appeal Deadline | O1: Filing Deadline | P1: Filing Limit | Q1: Limit Carrier | R1: Corrected Claim Limit | S1: Corrected Claim From | T1: Appeal Limit | U1: Appeal From | V1: Modifier 1 | W1: Modifier 2 | X1: Modifier 3 | Y1: Units | Z1: Charge Amount | AA1: Adjustment | AB1: Insurance Payment | AC1: Insurance Check Date | AD1: Insurance Balance | AE1: AR Age by Service Date | AF1: Diagnosis Code 1 | AG1: Diagnosis Code 2 | AH1: Diagnosis Code 3 | AI1: Diagnosis Code 4 | AJ1: Secondary Claim ID | AK1: Rendering Provider | AL1: Location Name | AM1: Created Date | AN1: Specialty
A2: Received | C2: 46135 | D2: 549217008 | E2: HF455471322 | F2: 46055 | G2: COMBINED INSURANCE CO OF AMERICA | H2: Medicare Part B Arizona * | I2: COMBINED INSURANCE CO OF AMERICA | J2: 75774+26+XU x3; 76937+26 x1; 36248+59 x1; 37242 x1; 36245+59 x1; 36246+59+LT x1; 75710+26+XU+LT x1 | L2: =IF($O2="","",$O2-TODAY()) -> 120 | M2: =IF($C2="","",$C2+365-TODAY()) -> 200 | N2: =IF($C2="","",$C2+120-TODAY()) -> -45 | O2: 46420 | P2: 365 days | Q2: MEDICARE | R2: 365 days | S2: Processed date | T2: 120 days | U2: Processed date | V2: 26, 59 | W2: XU, LT | X2: LT | Y2: 3, 1 | Z2: 67599.91 | AA2: 66731.29 | AB2: 867.75 | AC2: 46135 | AD2: 0.87 | AE2: 187 | AF2: M1712 | AG2: I798 | AH2: M25562 | AJ2: 551630132 | AK2: HUNTER, DREW | AL2: ASAP Surgery Centers North Valley LLC | AM2: 46064 | AN2: GAE
A3: Denied | B3: Uploaded MR - PIQ-83274799 | C3: 46155 | D3: 549217692 | E3: HF460854286 | F3: 46055 | G3: United HealthCare Dual Complete | H3: United HealthCare Dual Complete | I3: Mercy Care Health Plan Advantage (AHCCCS) | J3: 75710+26+XU+LT x1; 76937+26 x1; 75774+26+XU x4; 36245+59 x1; 36248+59 x3 | K3: 46142 | L3: =IF($O3="","",$O3-TODAY()) -> 120 | M3: =IF($C3="","",$C3+180-TODAY()) -> 35 | N3: =IF($C3="","",$C3+365-TODAY()) -> 220 | O3: 46420 | P3: 365 days | Q3: UHC DUAL COMPLETE | R3: 180 days | S3: Processed date | T3: 365 days | U3: Processed date | V3: 26, 59 | W3: XU | X3: LT | Y3: 1, 4, 3 | Z3: 14982.38 | AA3: 0 | AB3: 0 | AC3: 46155 | AD3: 14982.38 | AE3: 187 | AF3: M1712 | AG3: I798 | AH3: M25562 | AK3: HUNTER, DREW | AL3: ASAP Surgery Centers North Valley LLC | AM3: 46064 | AN3: GAE
A4: Denied | B4: Corrected units from 3 to 2 on portal - Confirmation Number: 4726236494120 - 76937 Medicare MUE is 2 per DOS - DND 76937 - Payer deems the information submitted does not support this many/frequency of services - Pending secondary claim correction for when medicare pays | C4: 46126 | D4: 549219539 | E4: HF538917701 | F4: 46062 | G4: Medicare Part B Arizona * | H4: Medicare Part B Arizona * | I4: AARP United Healthcare | J4: 76937+26 x3 | K4: 46258 | L4: =IF($O4="","",$O4-TODAY()) -> 127 | M4: =IF($C4="","",$C4+365-TODAY()) -> 191 | N4: =IF($C4="","",$C4+120-TODAY()) -> -54 | O4: 46427 | P4: 365 days | Q4: MEDICARE | R4: 365 days | S4: Processed date | T4: 120 days | U4: Processed date | V4: 26 | Y4: 3 | Z4: 813.54 | AA4: 0 | AB4: 0 | AC4: 46126 | AD4: 813.54 | AE4: 180 | AF4: M25562 | AG4: I798 | AK4: HUNTER, DREW | AL4: Premier Endoscopy Center, LLC | AM4: 46065 | AN4: GAE
A5: Denied | B5: Uploaded MR - PIQ-83275318 | C5: 46155 | D5: 551974048 | E5: HF460854286 | F5: 46069 | G5: United HealthCare Dual Complete | H5: United HealthCare Dual Complete | I5: Mercy Care Health Plan Advantage (AHCCCS) | J5: 75774+26+XU x5; 75710+26+XU+RT x1; 36245+59 x1 | K5: 46142 | L5: =IF($O5="","",$O5-TODAY()) -> 134 | M5: =IF($C5="","",$C5+180-TODAY()) -> 35 | N5: =IF($C5="","",$C5+365-TODAY()) -> 220 | O5: 46434 | P5: 365 days | Q5: UHC DUAL COMPLETE | R5: 180 days | S5: Processed date | T5: 365 days | U5: Processed date | V5: 26, 59 | W5: XU | X5: RT | Y5: 5, 1 | Z5: 12959.73 | AA5: 0 | AB5: 0 | AC5: 46155 | AD5: 12959.73 | AE5: 173 | AF5: M1711 | AG5: I798 | AH5: M25561 | AK5: HUNTER, DREW | AL5: ASAP Surgery Centers North Valley LLC | AM5: 46090 | AN5: GAE
A6: Denied | B6: Provider active, resubmitted | C6: 46154 | D6: 557784595 | E6: HF489558936 | F6: 46069 | G6: Blue Cross Blue Shield of Arizona (BCBS AZ) | H6: Blue Cross Blue Shield of Arizona (BCBS AZ) | I6: No Payer | J6: 36246+59+RT x1; 75710+XU+RT x1; 76937 x1; 75774+XU x4; 36248+59 x3; 37242 x1 | K6: 46142 | L6: =IF($O6="","",$O6-TODAY()) -> -141 | M6: =IF($F6="","",$F6+90-TODAY()) -> -141 | N6: =IF($C6="","",$C6+365-TODAY()) -> 219 | O6: 46159 | P6: 90 days | Q6: BCBS | R6: 90 days | S6: Date of service | T6: 365 days | U6: Processed date | V6: 59, XU | W6: RT | Y6: 1, 4, 3 | Z6: 61320.35 | AA6: 0 | AB6: 0 | AC6: 46154 | AD6: 61320.35 | AE6: 173 | AF6: M1711 | AG6: I798 | AH6: M25561 | AK6: HUNTER, DREW | AL6: ASAP - DEER VALLEY | AM6: 46090 | AN6: GAE

Sheet ORTHO
A1: Claim Status | B1: Notes | C1: Processed Date | D1: Primary Claim ID | E1: Chart Number | F1: Date of Service | G1: Responsible Payer | H1: Primary Payer Name | I1: Secondary Payer Name | J1: Procedure Code | K1: Latest Date Worked | L1: Days Until Deadline | M1: Days Until Corrected Claim Deadline | N1: Days Until Appeal Deadline | O1: Filing Deadline | P1: Filing Limit | Q1: Limit Carrier | R1: Corrected Claim Limit | S1: Corrected Claim From | T1: Appeal Limit | U1: Appeal From | V1: Modifier 1 | W1: Modifier 2 | X1: Modifier 3 | Y1: Units | Z1: Charge Amount | AA1: Adjustment | AB1: Insurance Payment | AC1: Insurance Check Date | AD1: Insurance Balance | AE1: AR Age by Service Date | AF1: Diagnosis Code 1 | AG1: Diagnosis Code 2 | AH1: Diagnosis Code 3 | AI1: Diagnosis Code 4 | AJ1: Secondary Claim ID | AK1: Rendering Provider | AL1: Location Name | AM1: Created Date | AN1: Specialty
A2: Finalized | C2: 46128 | D2: 549835748 | E2: HF546941796 | F2: 46070 | G2: Physicians Mutual Insurance Company - ENS | H2: Medicare Part B Arizona * | I2: Physicians Mutual Insurance Company - ENS | J2: 63685 x1 | L2: =IF($O2="","",$O2-TODAY()) -> 135 | M2: =IF($C2="","",$C2+365-TODAY()) -> 193 | N2: =IF($C2="","",$C2+120-TODAY()) -> -52 | O2: 46435 | P2: 365 days | Q2: MEDICARE | R2: 365 days | S2: Processed date | T2: 120 days | U2: Processed date | Y2: 1 | Z2: 2493.33 | AA2: 2340.02 | AB2: 153.15 | AC2: 46128 | AD2: 0.16 | AE2: 172 | AF2: M961 | AG2: G90523 | AJ2: 557765015 | AK2: KRAUSE, JEFFREY | AL2: ASAP Surgery Centers North Valley LLC | AM2: 46072 | AN2: ORTHO
A3: Received | B3: Provider TAX ID/NPI Combination is not on file with BCBS AZ. | C3: 46212 | D3: 563274947 | E3: HF513477727 | F3: 46079 | G3: Blue Cross Blue Shield of Arizona (BCBS AZ) | H3: Blue Cross Blue Shield of Arizona (BCBS AZ) | I3: No Payer | J3: 22845+59 x1; 22853 x1 | L3: =IF($O3="","",$O3-TODAY()) -> -131 | M3: =IF($F3="","",$F3+90-TODAY()) -> -131 | N3: =IF($C3="","",$C3+365-TODAY()) -> 277 | O3: 46169 | P3: 90 days | Q3: BCBS | R3: 90 days | S3: Date of service | T3: 365 days | U3: Processed date | V3: 59 | Y3: 1 | Z3: 6709.36 | AA3: 0 | AB3: 0 | AC3: 46212 | AD3: 6709.36 | AE3: 163 | AF3: M5416 | AG3: M4807 | AK3: MAYURAN, VIKRAM | AL3: Banner Desert Medical Center | AM3: 46092 | AN3: ORTHO
A4: Pending | B4: secondary - Added primary claim ID and submitted electronically | C4: 46091 | D4: 550306697 | E4: HF444976688 | F4: 46073 | G4: Blue Cross Blue Shield of Arizona (BCBS AZ) | H4: Medicare Part B Arizona * | I4: Blue Cross Blue Shield of Arizona (BCBS AZ) | J4: 63685 x1 | K4: 46251 | L4: =IF($O4="","",$O4-TODAY()) -> 138 | M4: =IF($C4="","",$C4+365-TODAY()) -> 156 | N4: =IF($C4="","",$C4+120-TODAY()) -> -89 | O4: 46438 | P4: 365 days | Q4: MEDICARE | R4: 365 days | S4: Processed date | T4: 120 days | U4: Processed date | Y4: 1 | Z4: 2493.33 | AA4: 2340.79 | AB4: 121.54 | AC4: 46091 | AD4: 31 | AE4: 169 | AF4: M961 | AJ4: 562575912 | AK4: CURRIE, DAVID | AL4: Premier Endoscopy Center, LLC | AM4: 46077 | AN4: ORTHO
A5: Denied | B5: Added service line with 63030 - Split bilateral service with mod RT and LT, and resubmitted | C5: 46202 | D5: 563073824 | E5: HF544045379 | F5: 46079 | G5: Mutual of Omaha Medicare Advantage OFAP | H5: Medicare Part B Arizona * | I5: Mutual of Omaha Medicare Advantage OFAP | J5: 63030+LT x1; 63047 x1; 63030+RT x1 | K5: 46195 | L5: =IF($O5="","",$O5-TODAY()) -> 144 | M5: =IF($C5="","",$C5+365-TODAY()) -> 267 | N5: =IF($C5="","",$C5+120-TODAY()) -> 22 | O5: 46444 | P5: 365 days | Q5: MEDICARE | R5: 365 days | S5: Processed date | T5: 120 days | U5: Processed date | V5: LT, RT | Y5: 1 | Z5: 20217.61 | AA5: 0 | AB5: 1013.09 | AC5: 46202 | AD5: 19204.52 | AE5: 163 | AF5: M48062 | AG5: M5416 | AH5: M5126 | AI5: M51362 | AJ5: 554801761 | AK5: LUKE, TIMOTHY | AL5: ASAP Surgery Centers North Valley LLC | AM5: 46093 | AN5: ORTHO
A6: Denied | B6: Deanne is reviewing this one - Rep Jessie - Claim contains a non anesthesia service, and rendering is listed as an anesthesiologist on ins end | C6: 46147 | D6: 555677002 | E6: HF540909294 | F6: 46059 | G6: Humana Gold Plus HMO | H6: Humana Gold Plus HMO | I6: No Payer | J6: 63048 x1; 63047 x1 | K6: 46247 | L6: =IF($O6="","",$O6-TODAY()) -> -151 | M6: =IF($F6="","",$F6+90-TODAY()) -> -151 | N6: =IF($C6="","",$C6+540-TODAY()) -> 387 | O6: 46149 | P6: 90 days | Q6: HUMANA MA | R6: 90 days | S6: Date of service | T6: 540 days | U6: Processed date | Y6: 1 | Z6: 9056.39 | AA6: 0 | AB6: 0 | AC6: 46147 | AD6: 9056.39 | AE6: 183 | AF6: M48062 | AK6: O'NEIL, ROY | AL6: ASAP Surgery Centers North Valley LLC | AM6: 46065 | AN6: ORTHO
A7: Denied | B7: We need to reprocess when claim 568613230 gets adjusted - Added mod 58, and resubmitted | C7: 46189 | D7: 562083380 | E7: HF334213960 | F7: 46080 | G7: Optum Care Medical Network of Arizona, Utah, & Washington (LifePrint) | H7: Optum Care Medical Network of Arizona, Utah, & Washington (LifePrint) | I7: No Payer | J7: 63047+58 x1 | K7: 46247 | L7: =IF($O7="","",$O7-TODAY()) -> -130 | M7: =IF($C7="","",$C7+365-TODAY()) -> 254 | N7: =IF($C7="","",$C7+365-TODAY()) -> 254 | O7: 46170 | P7: 90 days | Q7: OPTUM | R7: 365 days | S7: Processed date | T7: 365 days | U7: Processed date | V7: 58 | Y7: 1 | Z7: 7623.07 | AA7: 0 | AB7: 0 | AC7: 46189 | AD7: 7623.07 | AE7: 162 | AF7: M48062 | AK7: LEATHEM, JARRETT | AL7: Premier Endoscopy Center, LLC | AM7: 46083 | AN7: ORTHO
A8: Denied | B8: Filed appeal # Z264AZW09999 on portal - Basis: add-on to auth'd/paid 63047, intraop findings. Op note attached - Add-on 63048 requires auth according to medicaid auth tool - Auth # OP4987640976 didn't include 63048 - DND 63048 due to missing auth | C8: 46218 | D8: 564578362 | E8: HF496014369 | F8: 46057 | G8: Arizona Complete Health (Centene) | H8: Arizona Complete Health (Centene) | I8: No Payer | J8: 63048 x1 | K8: 46285 | L8: =IF($O8="","",$O8-TODAY()) -> -123 | M8: =IF($F8="","",$F8+365-TODAY()) -> 122 | N8: =IF($F8="","",$F8+365-TODAY()) -> 122 | O8: 46177 | P8: 120 days | Q8: AZ COMPLETE | R8: 365 days | S8: Date of service | T8: 365 days | U8: Date of service | Y8: 1 | Z8: 1433.32 | AA8: 0 | AB8: 0 | AC8: 46218 | AD8: 1433.32 | AE8: 185 | AF8: M48062 | AG8: M51370 | AK8: MCCUNNIFF, PETER | AL8: ASAP Surgery Centers North Valley LLC | AM8: 46077 | AN8: ORTHO
A9: Denied | B9: Sent mailed auth appeal request to PO Box 64 Huntingdon Valley, PA 19006 - Auth # 20260114-002504 Denied | C9: 46107 | D9: 552275426 | E9: HF532203609 | F9: 46079 | G9: UMR Wausau / UHIS | H9: UMR Wausau / UHIS | I9: No Payer | J9: 22853 x1 | K9: 46195 | L9: =IF($O9="","",$O9-TODAY()) | N9: =IF($C9="","",$C9+180-TODAY()) -> -13 | Q9: UMR / WAUSAU | T9: 180 days | U9: Processed date | Y9: 1 | Z9: 1758.12 | AA9: 0 | AB9: 0 | AC9: 46107 | AD9: 1758.12 | AE9: 163 | AF9: M5416 | AG9: M21371 | AK9: MAYURAN, VIKRAM | AL9: Banner Desert Medical Center | AM9: 46092 | AN9: ORTHO
A10: Finalized | B10: Uploaded MR - PIQ-86018866 | C10: 46233 | D10: 551412333 | E10: HF500464709 | F10: 46072 | G10: UHC Group Medicare Advantage | H10: UHC Group Medicare Advantage | I10: No Payer | J10: 63030+50 x1 | K10: 46192 | L10: =IF($O10="","",$O10-TODAY()) -> -138 | M10: =IF($C10="","",$C10+180-TODAY()) -> 113 | N10: =IF($C10="","",$C10+365-TODAY()) -> 298 | O10: 46162 | P10: 90 days | Q10: UHC MA | R10: 180 days | S10: Processed date | T10: 365 days | U10: Processed date | V10: 50 | Y10: 1 | Z10: 6297.27 | AA10: 0 | AB10: 0 | AC10: 46142 | AD10: 6297.27 | AE10: 170 | AF10: M48062 | AG10: M5416 | AH10: M5126 | AI10: M51362 | AK10: LUKE, TIMOTHY | AL10: ASAP Surgery Centers North Valley LLC | AM10: 46084 | AN10: ORTHO
A11: Finalized | B11: Uploaded MR - PIQ-86126921 | C11: 46142 | D11: 551321878 | E11: HF349133597 | F11: 46058 | G11: AARP MedicareComplete (SecureHorizons & Oxford Network) | H11: AARP MedicareComplete (SecureHorizons & Oxford Network) | I11: No Payer | J11: 63048 x1; 63047 x1; 64708 x1 | K11: 46195 | L11: =IF($O11="","",$O11-TODAY()) -> -152 | M11: =IF($C11="","",$C11+365-TODAY()) -> 207 | N11: =IF($C11="","",$C11+365-TODAY()) -> 207 | O11: 46148 | P11: 90 days | Q11: AARP MA CHOICE / MEDICARE COMPLETE | R11: 365 days | S11: Processed date | T11: 365 days | U11: Processed date | Y11: 1 | Z11: 12527.55 | AA11: 0 | AB11: 0 | AC11: 46142 | AD11: 12527.55 | AE11: 184 | AF11: M48062 | AG11: M5416 | AH11: M51362 | AI11: M4696, G59 | AK11: LUKE, TIMOTHY | AL11: ASAP Surgery Centers North Valley LLC | AM11: 46083 | AN11: ORTHO

Sheet US
A1: Claim Status | B1: Notes | C1: Processed Date | D1: Primary Claim ID | E1: Chart Number | F1: Date of Service | G1: Responsible Payer | H1: Primary Payer Name | I1: Secondary Payer Name | J1: Procedure Code | K1: Latest Date Worked | L1: Days Until Deadline | M1: Days Until Corrected Claim Deadline | N1: Days Until Appeal Deadline | O1: Filing Deadline | P1: Filing Limit | Q1: Limit Carrier | R1: Corrected Claim Limit | S1: Corrected Claim From | T1: Appeal Limit | U1: Appeal From | V1: Modifier 1 | W1: Modifier 2 | X1: Modifier 3 | Y1: Units | Z1: Charge Amount | AA1: Adjustment | AB1: Insurance Payment | AC1: Insurance Check Date | AD1: Insurance Balance | AE1: AR Age by Service Date | AF1: Diagnosis Code 1 | AG1: Diagnosis Code 2 | AH1: Diagnosis Code 3 | AI1: Diagnosis Code 4 | AJ1: Secondary Claim ID | AK1: Rendering Provider | AL1: Location Name | AM1: Created Date | AN1: Specialty
A2: Pending | B2: secondary - Added primary claim ID and submitted electronically - Medicare paid as primary - Resubmitted to Medicare | C2: 46211 | D2: 563161793 | E2: HF548452117 | F2: 46065 | G2: Humana | H2: Medicare Part B Arizona * | I2: Humana | J2: 93970 x1 | K2: 46251 | L2: =IF($O2="","",$O2-TODAY()) -> 130 | M2: =IF($C2="","",$C2+365-TODAY()) -> 276 | N2: =IF($C2="","",$C2+120-TODAY()) -> 31 | O2: 46430 | P2: 365 days | Q2: MEDICARE | R2: 365 days | S2: Processed date | T2: 120 days | U2: Processed date | Y2: 1 | Z2: 1294.23 | AA2: 1131 | AB2: 127.49 | AC2: 46211 | AD2: 35.74 | AE2: 177 | AF2: R600 | AG2: E785 | AH2: G9050 | AI2: I10 | AJ2: 566075130 | AK2: TURLEY, TODD | AL2: ASAP - DEER VALLEY | AM2: 46076 | AN2: US
A3: PAID | B3: secondary - pending posting - Primary paid - Edited referring provider, and resubmitted | C3: 46211 | D3: 563152890 | E3: HF544172142 | F3: 46057 | G3: Blue Cross Blue Shield of Arizona (BCBS AZ) | H3: Medicare Part B Arizona * | I3: Blue Cross Blue Shield of Arizona (BCBS AZ) | J3: 93970 x1 | K3: 46196 | L3: =IF($O3="","",$O3-TODAY()) -> 122 | M3: =IF($C3="","",$C3+365-TODAY()) -> 276 | N3: =IF($C3="","",$C3+120-TODAY()) -> 31 | O3: 46422 | P3: 365 days | Q3: MEDICARE | R3: 365 days | S3: Processed date | T3: 120 days | U3: Processed date | Y3: 1 | Z3: 1294.23 | AA3: 1127.69 | AB3: 130.8 | AC3: 46211 | AD3: 35.74 | AE3: 185 | AF3: R600 | AG3: M79672 | AH3: Z86718 | AI3: Z8781 | AJ3: 566075115 | AK3: BURGHER, ABRAM | AL3: ASAP - Surprise - Reems | AM3: 46072 | AN3: US
A4: PAID | B4: secondary - pending posting - Primary paid - Edited referring provider, and resubmitted | C4: 46211 | D4: 563153622 | E4: HF467995431 | F4: 46065 | G4: AARP United Healthcare | H4: Medicare Part B Arizona * | I4: AARP United Healthcare | J4: 93970 x1; 93925 x1 | K4: 46196 | L4: =IF($O4="","",$O4-TODAY()) -> 130 | M4: =IF($C4="","",$C4+365-TODAY()) -> 276 | N4: =IF($C4="","",$C4+120-TODAY()) -> 31 | O4: 46430 | P4: 365 days | Q4: MEDICARE | R4: 365 days | S4: Processed date | T4: 120 days | U4: Processed date | Y4: 1 | Z4: 2943.43 | AA4: 2603.25 | AB4: 265.7 | AC4: 46211 | AD4: 74.48 | AE4: 177 | AF4: I872, I70213 | AJ4: 565916751 | AK4: TURLEY, TODD | AL4: ASAP - DEER VALLEY | AM4: 46119 | AN4: US
A5: PAID | B5: secondary - pending posting - Primary paid - Edited referring provider, and resubmitted | C5: 46210 | D5: 563152081 | E5: HF497596195 | F5: 46070 | G5: AARP United Healthcare | H5: Medicare Part B Arizona * | I5: AARP United Healthcare | J5: 93970 x1 | K5: 46196 | L5: =IF($O5="","",$O5-TODAY()) -> 135 | M5: =IF($C5="","",$C5+365-TODAY()) -> 275 | N5: =IF($C5="","",$C5+120-TODAY()) -> 30 | O5: 46435 | P5: 365 days | Q5: MEDICARE | R5: 365 days | S5: Processed date | T5: 120 days | U5: Processed date | Y5: 1 | Z5: 1294.23 | AA5: 1131 | AB5: 127.49 | AC5: 46210 | AD5: 35.74 | AE5: 172 | AF5: I872 | AJ5: 566075094 | AK5: LEATHEM, JARRETT | AL5: ASAP - Gilbert | AM5: 46076 | AN5: US
A6: PAID | B6: secondary - pending posting - Primary paid - Edited referring provider, and resubmitted | C6: 46210 | D6: 563152473 | E6: HF544172142 | F6: 46071 | G6: Blue Cross Blue Shield of Arizona (BCBS AZ) | H6: Medicare Part B Arizona * | I6: Blue Cross Blue Shield of Arizona (BCBS AZ) | J6: 93923 x1 | K6: 46196 | L6: =IF($O6="","",$O6-TODAY()) -> 136 | M6: =IF($C6="","",$C6+365-TODAY()) -> 275 | N6: =IF($C6="","",$C6+120-TODAY()) -> 30 | O6: 46436 | P6: 365 days | Q6: MEDICARE | R6: 365 days | S6: Processed date | T6: 120 days | U6: Processed date | Y6: 1 | Z6: 879.06 | AA6: 758.3 | AB6: 94.84 | AC6: 46210 | AD6: 25.92 | AE6: 171 | AF6: I739 | AJ6: 566075128 | AK6: BURGHER, ABRAM | AL6: ASAP - Surprise - Reems | AM6: 46119 | AN6: US

Sheet Read Me
A1: 2026-02 February - Specialty Claims
A3: =COUNTA(BH!$D$2:$D$1000,DME!$D$2:$D$1000,GAE!$D$2:$D$1000,ORTHO!$D$2:$D$1000,US!$D$2:$D$1000)&" claims with a date of service in 2026-02 February, split into one sheet per specialty: BH, DME, GAE, ORTHO, US." -> 38 claims with a date of service in 2026-02 February, split into one sheet per specialty: BH, DME, GAE, ORTHO, US.
A5: Row order - work queue, then timely filing deadline
A6: Every specialty sheet is sorted in four groups: Rejected claims at the very top, then claims with an empty Latest Date Worked (column K), then the other open claims, and Finalized and PAID claims at the bottom (a Finalized or PAID claim with an empty Latest Date Worked stays in the empty Latest Date Worked group). Within each group, rows are ordered by how close the claim is to its primary payer's timely filing deadline. Days Until Deadline (column L) carries the count: five days or less left is shaded red, a negative number means the filing window has already closed, and a blank means no limit is on file for that payer.
A7: Deadline order within each group, with the colour band each row gets (these counts update automatically):
A8: =" 1 - Due in 5 days or less: "&SUM(COUNTIFS(BH!$L$2:$L$1000,">=0",BH!$L$2:$L$1000,"<=5"),COUNTIFS(DME!$L$2:$L$1000,">=0",DME!$L$2:$L$1000,"<=5"),COUNTIFS(GAE!$L$2:$L$1000,">=0",GAE!$L$2:$L$1000,"<=5"),COUNTIFS(ORTHO!$L$2:$L$1000,">=0",ORTHO!$L$2:$L$1000,"<=5"),COUNTIFS(US!$L$2:$L$1000,">=0",US!$L$2:$L$1000,"<=5")) -> 1 - Due in 5 days or less: 0
A9: =" 2 - Due in 6-30 days: "&SUM(COUNTIFS(BH!$L$2:$L$1000,">5",BH!$L$2:$L$1000,"<=30"),COUNTIFS(DME!$L$2:$L$1000,">5",DME!$L$2:$L$1000,"<=30"),COUNTIFS(GAE!$L$2:$L$1000,">5",GAE!$L$2:$L$1000,"<=30"),COUNTIFS(ORTHO!$L$2:$L$1000,">5",ORTHO!$L$2:$L$1000,"<=30"),COUNTIFS(US!$L$2:$L$1000,">5",US!$L$2:$L$1000,"<=30")) -> 2 - Due in 6-30 days: 0
A10: =" 3 - Due in 31+ days: "&SUM(COUNTIFS(BH!$L$2:$L$1000,">30"),COUNTIFS(DME!$L$2:$L$1000,">30"),COUNTIFS(GAE!$L$2:$L$1000,">30"),COUNTIFS(ORTHO!$L$2:$L$1000,">30"),COUNTIFS(US!$L$2:$L$1000,">30")) -> 3 - Due in 31+ days: 18
A11: =" 4 - Past deadline: "&SUM(COUNTIFS(BH!$L$2:$L$1000,"<0"),COUNTIFS(DME!$L$2:$L$1000,"<0"),COUNTIFS(GAE!$L$2:$L$1000,"<0"),COUNTIFS(ORTHO!$L$2:$L$1000,"<0"),COUNTIFS(US!$L$2:$L$1000,"<0")) -> 4 - Past deadline: 17
A12: =" 5 - No limit on file: "&SUM(COUNTIFS(BH!$D$2:$D$1000,"<>",BH!$L$2:$L$1000,""),COUNTIFS(DME!$D$2:$D$1000,"<>",DME!$L$2:$L$1000,""),COUNTIFS(GAE!$D$2:$D$1000,"<>",GAE!$L$2:$L$1000,""),COUNTIFS(ORTHO!$D$2:$D$1000,"<>",ORTHO!$L$2:$L$1000,""),COUNTIFS(US!$D$2:$D$1000,"<>",US!$L$2:$L$1000,"")) -> 5 - No limit on file: 3
A14: Past due rows sit below the claims that can still be filed on time rather than at the very top, so the actionable work stays first. That is why the numbers run up to the longest window and then restart at the negatives.
A15: Filing Deadline is the date of service plus the primary payer's limit, taken from 'Carrier_Timely_Filing_Reference.xlsx'. Days Until Deadline is a live formula, so the count stays true as time passes - but the row order is a snapshot taken on 12 August 2026. Sorting on Days Until Deadline alone would mix the four groups above back together, so when you re-sort keep the Rejected rows first, then the empty Latest Date Worked rows, and the Finalized and PAID rows last.
A16: Where a payer had two possible limits the shorter one was used, so the real deadline can only be later, never earlier. Filing Limit and Limit Carrier name the figure applied and the carrier row it came from.
A17: Deadlines are counted from the date of service. Secondary claims are often counted from the primary payer's remittance date instead - that is not reflected here.
A19: Cells you edit
A20: Four columns are shaded pale yellow and are the ones meant to be edited here: Claim Status (A), Notes (B), Processed Date (C) and Latest Date Worked (K). Claim Status has a drop-down list, and anything not on the list is rejected so a typo cannot slip in. To add a new status, edit the list under Data > Data Validation.
A21: Statuses on the drop-down: Denied, Finalized, Not found, PAID, Pending, Received, Rejected, Under Review.
A22: Example of the expected format - Claim Status: "Denied"; Notes: "Corrected service line 1 - resubmitted"; Processed Date: "06/25/2026"; Latest Date Worked: "08/12/2026".
A24: Processed Date and Latest Date Worked
A25: Both are real dates displayed MM/DD/YYYY, the same order as every other date column in these files and as the source data. Latest Date Worked starts empty.
A26: Processed Date is filled in wherever the row had something to fill it with: the date written into the Notes where there was one, otherwise the Insurance Check Date. A date from the Notes is never overwritten by a check date. Where the row has neither, it is blank for you to fill in.
A28: Corrected claim and appeal countdowns
... A50: Any other status is left unshaded.
